lon,lat,date,APEX,FBC,HPWI,PWI,LBI,TRI,BPI,VSI,CMA,PHI,HMI,NDSI,NDVI,BSI,NDWI,IronRatio,B02,B03,B04,B05,B07,B08,B8A,B11,B12
-102.285806,31.082514,2023-07-15,0.33222354107690794,1.0,0.27131589187947486,1.0,0.0470821671726386,0.00014240567460984172,0.02713984749411891,0.06578484873700516,0.0,0.015082240755464936,0.0,0.06969238020957168,0.13136419983505482,0.1864808068220658,-0.39573482118154196,1.7188504395428454,0.15605243076868147,0.2030000136971904,0.2682307892184776,0.30521431604279264,0.3434122940368542,0.3493601255643192,0.36726064167919276,0.46889047681270063,0.4077923630161419
-103.433658,31.340174,2023-07-15,0.0981251948591128,1.0,0.033287771957044764,1.0,0.11875693955042148,0.0,0.0007835005779029162,0.04578698147982541,0.0,0.0,0.029712970090246038,0.10168625416541785,0.07470945136012204,0.12228256022760951,-0.24195579692267016,1.4594632921652377,0.27097919022912575,0.3285829437004385,0.3954841810800701,0.43642006550589585,0.46477221051327344,0.4593482424465904,0.479727431024913,0.5383399675665684,0.43896181055970535
-101.980116,31.929709,2023-07-15,0.3758786642547582,1.0,0.3069675758080525,1.0,0.018768763706861067,0.000931720161460368,0.03962001333977499,0.07744620659733491,0.0,0.020628324958359905,0.0,0.06770157166977574,0.13525901274106183,0.22614761642138576,-0.46455957954319815,1.9877335220045431,0.1283275284291672,0.17506881431938687,0.25508093005464666,0.2918692799200926,0.33010106375900244,0.3348782226003094,0.3579129041590913,0.4788557219344503,0.4181284815927002
-101.489634,31.16302,2023-07-15,0.2172629459533099,0.0,0.17743140586186973,1.0,0.044361836064431226,0.0,0.025859642468734782,0.07008724022210948,0.0,0.01888012781748514,0.0,0.062247926324396435,0.14106539082582453,0.16275894869586535,-0.3725559234343366,1.2961715292837435,0.21325293590632463,0.2421565003230642,0.27641238405794893,0.31681891858988737,0.3654898377399208,0.3672044433596963,0.3945591477322518,0.5297258374575906,0.46764177198657103
-102.970946,31.088736,2023-07-15,0.14303833365737173,1.0,0.11681463915352025,1.0,0.05545438317340225,1.2950019340998731e-06,0.0074382636773538124,0.03956362140164502,0.0,0.001454657605911771,0.0,0.054510618722717466,0.10118251251859947,0.16429156283257407,-0.32777031721098915,1.6788436231983044,0.1824783081403899,0.2383433776241207,0.3063525439935088,0.3436000716460521,0.37414842357065986,0.3753265471686961,0.39131177972422015,0.47076954531394083,0.4220987425069317
-103.61129,31.706962,2023-07-15,0.12306197574893188,1.0,0.10050061352829436,1.0,0.0502314809093361,4.0064106281170173e-07,0.008162111792849308,0.03766935538380205,0.0,0.002702349286693075,0.0,0.05236743480101055,0.10580571227848871,0.16584141838219144,-0.3382926368497851,1.6505324618357227,0.19333098752554087,0.24852007281117575,0.3190990707896624,0.36180240912222067,0.4002345393860225,0.39461398949560506,0.4168497755288176,0.5026279018102248,0.4526048148031801
-104.216412,31.308489,2023-07-15,0.28303869141215077,1.0,0.23114826465325647,1.0,0.05200574741496618,3.473698782018924e-05,0.024710037382816186,0.07853433083428418,0.0,0.012844674783623451,0.0,0.06403335593063943,0.10513271071100952,0.19628184832572146,-0.38440306599975366,1.628479923710144,0.1713819016486005,0.21744926728001762,0.27909198612201236,0.3129143688888655,0.3418338308542834,0.34466974807605544,0.36366947326678495,0.48901710794052755,0.4301591664025201
-102.252864,31.758424,2023-07-15,0.29270951350616414,1.0,0.23904610269670074,1.0,0.02811690157524274,0.00015811492194514395,0.033249937817576784,0.06956855286149385,0.0,0.019091125811255973,0.0,0.0637642897964943,0.14516372353922657,0.2052866689283126,-0.43718168965966453,1.750472957840846,0.1408484192619419,0.18326984568580018,0.246551349072659,0.2826813569542978,0.326435472226197,0.3302874114288034,0.3512208737565754,0.4679877353796671,0.41188337867925
-103.605612,31.816045,2023-07-15,0.0,1.0,0.0,1.0,0.04196070723330618,0.0,0.008813745668749403,0.046271852723651294,0.0,0.0037848728315969683,0.0,0.046782644670027344,0.0949641485475624,0.19192493143719574,-0.37090754460443276,1.7328309715857206,0.18565964059143789,0.24149306018353073,0.321716775390317,0.36116580396037606,0.3928750208888237,0.38923135970071415,0.41232407996539805,0.5262575561600789,0.4792187169509808
-101.750294,31.058448,2023-07-15,0.19632797693514834,1.0,0.16033451449703778,1.0,0.04297443003034838,1.869975151686691e-05,0.017292102562884413,0.04356649524938791,0.0,0.009530126776794805,0.0,0.05877004623951779,0.14059607306198169,0.17432737816223953,-0.37797995824462105,1.7070125400171356,0.1744670608977693,0.2313375915034624,0.2978174607724255,0.3437893949517285,0.39582434710836845,0.39526166404266183,0.4183998414591765,0.5124892178405369,0.45559487116588787
-101.761669,31.957581,2023-07-15,0.23156542041235814,1.0,0.18911176000342583,1.0,0.013891608440573478,0.0004440007277532383,0.025959303105250294,0.039659224101448766,0.0,0.014533995786930149,0.0,0.059219138409704206,0.18088090918321828,0.20081148234983243,-0.4643470994556022,2.2072148174664634,0.12293458571616694,0.1833135193810474,0.27134303917182473,0.32294063671179163,0.3882136691736367,0.3911809874657573,0.4116831927685778,0.5011353809973177,0.4451001293423366
-103.228211,31.252123,2023-07-15,0.0,1.0,0.0,1.0,0.030779161079015033,0.0,0.01157643891801632,0.053285304806685585,0.0,0.005959533080986053,0.0,0.046062788971909095,0.10860189171002436,0.2053553516263866,-0.40874244599248305,1.8014815347231234,0.1379103441441878,0.180231006042278,0.24844293842306553,0.2795043321234509,0.3068360401757731,0.30898013912792693,0.32351917850519646,0.429422113214061,0.39160338877536627
-101.284779,31.487573,2023-07-15,0.8420820594967993,1.0,0.6877003485890528,1.0,0.0353832534160299,0.001380714312500869,0.10348824794290792,0.12280909042088618,0.000621752488297332,0.09696941465750093,0.07583167120231468,0.1136352827289276,0.19424014534815626,0.19059750260318878,-0.4493123982697561,1.5064666028222256,0.13268028880236407,0.16378524927404106,0.19987842393356917,0.23694825116058374,0.28723506006235694,0.29624563283005184,0.31802096524597495,0.43105381650275415,0.34308440125642203
-104.007851,31.175731,2023-07-15,0.30766776720746164,1.0,0.2512620098860937,1.0,0.05146244977404214,5.8580738937475016e-05,0.026675349961673527,0.07014605756073226,0.0,0.014852890923030066,0.0,0.06717548785409125,0.1227606100780386,0.18869196194953958,-0.38429606975777003,1.6460410576046722,0.16180404370208942,0.20912158500345765,0.2663360992200999,0.3028571774141235,0.3394201173475762,0.3408780826323428,0.360457581958149,0.4701710903614214,0.410979377790458
-101.630393,31.834844,2023-07-15,0.0,1.0,0.0,0.0,0.015124998553898716,0.0,0.0,0.032912118343667855,0.0,0.0030615907333564245,0.0,0.0274267030043684,0.13031811759081643,0.20616483075672243,-0.4231070111851725,1.7302719893373155,0.14315645468912097,0.1860529482185024,0.2476996036414226,0.2801293382342493,0.3174924373301999,0.32193306009821465,0.33857481051700095,0.45896424500733557,0.43446054853802774
-101.757546,31.998651,2023-07-15,0.26372196570296796,1.0,0.21537293865742385,1.0,0.02710738758702897,0.0005041310539456976,0.020827029375109326,0.039489590095756255,0.0,0.009782258162580042,0.0,0.062310565535698234,0.15058588591258473,0.1970082778949112,-0.4350076810006377,2.192007275301046,0.14845425285227531,0.21771534420872696,0.3254128023015686,0.38327498774788055,0.44029308069320827,0.4407925076989186,0.4640552619052804,0.5529689178156305,0.48809936439011276
-102.610882,32.31505,2023-07-15,0.6435919229941556,1.0,0.525600070445227,1.0,0.019644527111204027,0.004815826120151792,0.06754576327958511,0.06511408261970278,0.0067178942080007775,0.05207792124193319,0.03085003076701585,0.0958812694042064,0.19599277982610175,0.19195219013931644,-0.46681095226263136,1.8860683513807361,0.11353974005743385,0.1538444475919516,0.2141437103463216,0.25854878817858734,0.3213197585987499,0.3185473028015568,0.34331436639832275,0.42322834955121214,0.34916983146945096
-103.107617,31.767653,2023-07-15,0.14979306750983923,1.0,0.12233100513303538,1.0,0.06840820874167032,8.356920342738412e-07,0.0030457950089945933,0.03992835537375957,0.0,0.0,0.0,0.05453069549385427,0.06387550096568723,0.17181222510786903,-0.305006777310505,1.7391463228807038,0.23744556884150864,0.31263356319664,0.41295258793502676,0.4565034684546831,0.48325967298523637,0.4693073857351856,0.49039240866341094,0.5870401400570581,0.5263274320118373
-101.687375,31.854076,2023-07-15,0.3527279337515068,1.0,0.2880611458970639,1.0,0.045887166176821745,0.00012992092023881118,0.03245956020444625,0.07985341735448129,0.0,0.01911031371098214,0.0,0.0706986562777592,0.13240748873087899,0.19150020257132766,-0.40233587693951284,1.6582597504356897,0.16218712773047497,0.20772696825793002,0.26894838595421877,0.30506223598922205,0.3422492002378069,0.3510394135273581,0.36654290654633265,0.48740248737749486,0.4230357288652153
-101.585623,31.800558,2023-07-15,0.0,1.0,0.0,1.0,0.021257465950015486,0.0,0.008414915210151065,0.0315054342607438,0.0,0.006649343140901774,0.0,0.04095012432124418,0.16687418639105378,0.17657446282744144,-0.4117818813770215,1.7094225281402478,0.14237442625653918,0.18629478779212186,0.24337805167397047,0.27933228301730745,0.33742018166958127,0.3408747651237758,0.35725034931465355,0.44712598553678845,0.41194684627316747
-102.080599,31.109572,2023-07-15,0.5670798978487308,1.0,0.4631152499097968,1.0,0.06613953405741255,0.00035912315450398083,0.04434031852080858,0.09420825421430049,0.0,0.028869361556241344,0.0,0.09033126834628476,0.12848325451232329,0.18778250462090407,-0.38815098391975855,1.6506043460619741,0.16491188964960185,0.21350808379634123,0.2722042817729255,0.3123553010943835,0.34819481464228125,0.3524636507304425,0.37214645072799585,0.48440293080056884,0.4041397440055332
-103.58212,31.426204,2023-07-15,0.0,1.0,0.0,1.0,0.047363315243153015,0.0,0.011257915303218981,0.06308487795696426,0.0,0.00513180774145399,0.0,0.04884678004337186,0.08203667665018215,0.19686219332122448,-0.365859934894892,1.6301897923434414,0.18028902895616716,0.22797900663772463,0.29390533467585483,0.32593438318553813,0.3488239544303672,0.3464368820552885,0.3629822616849167,0.49103882296412327,0.44530160789236056
-104.048655,31.352628,2023-07-15,0.2582942062770893,1.0,0.210940268459623,1.0,0.055902474914512015,1.938745207089073e-05,0.021739041096533664,0.07478338110654453,0.0,0.010686606827635824,0.0,0.06186097851051277,0.0959347134425476,0.19692180914414678,-0.37310028469998263,1.6267435890934763,0.18882483840445646,0.24162422179870155,0.3071695953360612,0.34369181690930833,0.37374320148910334,0.37236008001673954,0.39566437541224864,0.5292302415282333,0.4675673661408835
-103.981845,31.411366,2023-07-15,0.1798182357354371,1.0,0.14685155918394027,1.0,0.05728909321468431,2.3855010528426613e-06,0.01191788786548184,0.05069326828503001,0.0,0.004885712067806233,0.0,0.057655972151315245,0.09935696471236793,0.16974259870291908,-0.3375109439119056,1.5770795811094942,0.1923107239340433,0.24232554338959805,0.3032893159447646,0.3405796914221358,0.3727151640109742,0.3702057405021111,0.39210699463183024,0.48923535157973663,0.43589600391124034
-102.297594,31.524282,2023-07-15,0.0,1.0,0.0,1.0,0.03369204139915858,0.0,0.006739185364165011,0.041010974340304485,0.0,0.003653535222902838,0.0,0.04155595621271072,0.10901257968433677,0.19305373225133177,-0.3821622938502781,1.7837281353257715,0.1681434220176929,0.22377699576929816,0.2999221526229136,0.336532264096375,0.3699031431583556,0.3733132843412935,0.3911754257192091,0.5006106339978945,0.46066394949775746
-103.13393,31.322359,2023-07-15,0.0,1.0,0.0,1.0,0.0361695450980759,0.0,0.008632985910063272,0.04222945804756229,0.0,0.004344080937950628,0.0,0.045653041474524515,0.11599741701280772,0.18434104462720677,-0.37845481444581464,1.7438642353602989,0.15523603525218826,0.20332114567827356,0.2707105699154217,0.30483666157488354,0.33956627223483193,0.34175499325215525,0.3558246365698779,0.450922987825833,0.4115485394218003
-103.45902,32.267651,2023-07-15,0.24660779898570964,1.0,0.20139636917166287,1.0,0.028225610911488414,8.707315925582483e-05,0.025423883446620665,0.047424106975342904,0.0,0.016349965277143802,0.0,0.0635595581796159,0.16598343611548239,0.1744570060168323,-0.42369738912875854,1.6797101860448957,0.13454674740910336,0.16795094901658525,0.2259995421222806,0.26721989296470816,0.31785407895267725,0.3159550230716397,0.33513260192740185,0.4149058551984113,0.36531534070445365
-102.258689,31.84187,2023-07-15,0.40687827598048415,1.0,0.33228392538406204,1.0,0.03353592196394284,0.00018789600788796416,0.04887999113313033,0.0759629318075653,0.0,0.03441271385841605,0.0,0.07591675805244133,0.17474803029884112,0.1888061441896702,-0.42912225161069173,1.5678252329626587,0.12716240258441827,0.1609425202148014,0.19936842345600697,0.23429428848658299,0.28187130485730766,0.283801398066994,0.30406239322973766,0.40289981089335436,0.34604253595262086
-103.760913,31.997865,2023-07-15,0.0,1.0,0.0,0.34309790650438626,0.026827548598223887,0.0,0.0015789465681300507,0.032561497621276615,0.0,0.0021090159336984685,0.0,0.032755549631611224,0.09827530881485817,0.1958351710523501,-0.38404981275575784,1.7562243604959367,0.18067513132291282,0.23411860642045082,0.31730606696510194,0.3583053238417022,0.39162781095819604,0.3864698639081334,0.4111271210176749,0.5260682115035641,0.49269796543194616
-103.785282,31.543292,2023-07-15,0.0,1.0,0.0,1.0,0.03787470676718621,0.0,0.01394128433693597,0.058991642716299746,0.0,0.007060569281323796,0.0,0.04980810129652918,0.10593103441471909,0.19948298011464136,-0.3934109887796658,1.7079015078070503,0.14751934981336548,0.1898311493990823,0.2519485199769626,0.28483237449631527,0.312157835010565,0.31165122383481486,0.32679907722650237,0.43606594364973666,0.39468768286769734
-101.183001,31.882,2023-07-15,0.7814532813432116,1.0,0.6381868464302896,1.0,0.040443090758202835,0.0015462223801391663,0.0877218053385874,0.10375540356351648,0.006245444177800163,0.08041021809623372,0.08141150044150654,0.11044447684637568,0.19093213764257877,0.18488633798960893,-0.4388001196284738,1.578029074130334,0.12796014107346002,0.1623181458332974,0.20192482294373904,0.24133647775852046,0.29119947367962495,0.2972294070991665,0.318489367670735,0.41615006668962534,0.3333697433804419
-102.545608,31.939999,2023-07-15,0.26351931422247277,1.0,0.2152074399483527,1.0,0.012619576576920255,0.00014824766236799173,0.03821458978873576,0.07487632063000986,0.0,0.021194360681093947,0.0,0.05938418241668895,0.15257210676856872,0.22657589966720662,-0.4723307401170195,1.803275682838735,0.12309086158563803,0.1619985199655493,0.22196675747704964,0.2565307969275644,0.301817278520504,0.30189317031135715,0.3239349342156892,0.45201685777874134,0.4013409047424834
-101.645016,32.0588,2023-07-15,0.4029640743000242,1.0,0.3290873273450198,1.0,0.012562281363142344,0.003971092648411956,0.03844590507728757,0.040610623709931536,0.0,0.02458387007955245,0.0,0.07571919767952956,0.20034816559901245,0.18802404144842644,-0.4724140337685293,2.2266231051752934,0.11076633003517514,0.1637888673283211,0.24663486973179302,0.2983876170110317,0.3643850481112171,0.3702207644869295,0.38786617275491075,0.45711039008847343,0.39275896443178016
-103.578499,31.09173,2023-07-15,0.0,1.0,0.0,0.0,0.015597972032624505,0.0,0.0,0.025061515587197332,0.0,0.0016304601916954963,0.0,0.02548478830345467,0.1169002363681439,0.2042295624436564,-0.4151603749995441,1.9082576374914877,0.11254958188544495,0.15150711685373755,0.21477359922937392,0.24457435309341172,0.27307754228513825,0.2716348634930962,0.2852774887221574,0.36660797103422643,0.34838648859249643
-103.306323,31.398063,2023-07-15,0.0,1.0,0.0,0.27289597475465927,0.03498468036751452,0.0,0.0010327244945399926,0.027838980282240813,0.0,0.00013619979587599476,0.0,0.03387384772447607,0.0862136069222436,0.16808786511914647,-0.3318982091685474,1.6716584850223288,0.1777152161727152,0.22486950059260488,0.2970791490326968,0.33191295968845363,0.35456892602360257,0.3531365934716186,0.366268704093728,0.44828990020096227,0.41891435530397053
-103.635404,32.275783,2023-07-15,0.3292796189177012,1.0,0.26891168878278937,1.0,0.0,0.0007609444576409831,0.047192717599286046,0.08246458764195175,0.0,0.025175061784014706,0.0,0.06284110094350523,0.15603297563638766,0.2402683505581565,-0.509046217059701,1.948674195805117,0.10579537362184574,0.13910146500120352,0.20616071461245214,0.24406989449426128,0.28541227717528284,0.282390872501763,0.3037400300008786,0.4275566190576724,0.3769975493464698
-101.539442,31.459081,2023-07-15,0.2542291446842035,1.0,0.20762046815876617,1.0,0.04890441626183291,2.0625654600285767e-05,0.021360670691337926,0.050631954548366775,0.0,0.013266433340016917,0.0,0.0659291280766114,0.14371763718086591,0.16341283821361463,-0.3674720182891282,1.5677823731054312,0.1828647049243259,0.2313396362834497,0.2866920610434841,0.3295209371935933,0.3806849622740177,0.3829283200177567,0.40524194791419,0.5001367346360424,0.43826849599782036
-102.235368,31.564321,2023-07-15,0.15528995972276236,1.0,0.12682013377358925,1.0,0.01394134194441075,3.854082560403345e-06,0.025784028030706042,0.06502036478163377,0.0,0.014158729520046284,0.0,0.05141563046387699,0.14465261743954877,0.226721248867439,-0.46504456857252907,1.868820771065036,0.12326636058094227,0.16586241774484758,0.2303627350272573,0.26457116343703985,0.30463359028817766,0.3082786163677159,0.32828595874071104,0.45423566146246735,0.40981019880700925
-101.419175,31.646507,2023-07-15,0.0,1.0,0.0,1.0,0.019766428812640777,0.0,0.012286893356280823,0.04304110315925109,0.0,0.008917153467329565,0.0,0.04235345250630988,0.1570365173837242,0.19616104005410845,-0.4294401114238273,1.663701053319685,0.14671452959646406,0.18870951566486768,0.24408911742693934,0.2815766583219105,0.3339073505453592,0.33503233317105957,0.35745161456497726,0.4727793812703539,0.43435894140429937
-103.465627,31.370616,2023-07-15,0.05683399138075489,1.0,0.013918999561886835,1.0,0.12571976051612982,0.0,0.009894856771543224,0.06386384540297221,0.0019233465423316675,0.0,0.06843772057979139,0.11161208129500032,0.08458992154324915,0.13899470978766731,-0.278681159484871,1.522407941286559,0.22792794797055627,0.28114640218427717,0.3469993180315245,0.3840839296935886,0.4118498612733681,0.41112936374247394,0.4308644945608631,0.49838793517892493,0.3983060528862559
-102.53169,31.391564,2023-07-15,0.6357157820539125,1.0,0.5191678886773619,1.0,0.0,0.004760794140830888,0.08229375793947916,0.11934492907559988,0.0,0.04911381920230587,0.0,0.08368082877950915,0.16206395254090725,0.2425609433308682,-0.5032737372706486,1.9226412504374237,0.1023376770897355,0.1383700104871642,0.19675863944667035,0.22901452361384117,0.26657750573190514,0.2728682253798507,0.2908235765903574,0.4187578116934688,0.3540856318231854
-102.458554,32.21717,2023-07-15,0.30991480352264333,1.0,0.27832757348637865,1.0,0.0,0.0005185995222188395,0.05882213528171813,0.11735528955303524,0.0,0.028613826889793886,0.0,0.060660986901509555,0.13460052240000855,0.27492174444636497,-0.527905230874795,1.8822804598214142,0.10688058782204746,0.13920467551759005,0.20117924199166654,0.22991002481671866,0.2595388931301848,0.26376035457383185,0.2869783644771383,0.4505272368928665,0.39899441508942024
-103.041888,31.335117,2023-07-15,0.0,1.0,0.0,1.0,0.0458824296795031,0.0,0.00881314489418617,0.04791581285143437,0.0,0.0037101911077611228,0.0,0.049325615431577256,0.09891315383576886,0.17625965772702207,-0.35358204687420436,1.6278692800273058,0.18662950153600463,0.23484277662305486,0.30380843229727084,0.33712854839836737,0.3665515363013601,0.3705071091858395,0.38684147781532097,0.4917545447770006,0.4455227646590162
-101.157757,31.712384,2023-07-15,0.8111180951197646,1.0,0.6624131110144744,1.0,0.02831395033136981,0.0020812471030388236,0.09916900060580253,0.12744282945178056,0.005480783740335814,0.07807605873244089,0.05344899658070764,0.10405774694692232,0.17323429607440607,0.2110382516241816,-0.4610127661394645,1.6087559338521293,0.1254081040484608,0.15870957329343524,0.20175103154110657,0.23660798912260078,0.280102630546023,0.2862978330481374,0.30999529703876894,0.4302081721480154,0.3491136945526721
-104.013635,31.111251,2023-07-15,0.4920541006732523,1.0,0.4018441822164893,1.0,0.05424555318203145,0.00028130205567793707,0.04524177574272968,0.08711642071897088,0.0,0.03031647621828091,0.0,0.08353498535483647,0.14381832679244072,0.18837497270402706,-0.3993423885896347,1.6283726292337604,0.15544271085752895,0.20157353027684438,0.2531186557742976,0.2903396607423463,0.33442516166837677,0.338154583761479,0.3566883845078334,0.4696026154929316,0.39719471332455175
-103.954605,31.86568,2023-07-15,0.0,1.0,0.0,0.8439724739168235,0.03377991438141368,0.0,0.00353276305583596,0.037761903579314866,0.0,0.002367479158999611,0.0,0.0366219610087878,0.0964592869965379,0.19221869013032458,-0.36722582321701763,1.737868735333046,0.1695502258693296,0.22369239473619054,0.29465603660696416,0.33084523911293373,0.359902882598365,0.35756921980123296,0.3752325315103897,0.4833288553199999,0.4491786035218885
-101.80495,31.598808,2023-07-15,0.25683717261812233,1.0,0.20975035763813327,1.0,0.039826978431006424,5.7556948464626454e-05,0.02534835241935078,0.05564275136717199,0.0,0.015131220964614217,0.0,0.06336841926165399,0.1474010861678527,0.18317967919462927,-0.3993943376337405,1.6832645800123212,0.16079685055035584,0.2102504608621989,0.2706636431089487,0.31191121116171205,0.36207959297735165,0.36425070810082716,0.38581841595851046,0.4898776732411543,0.4314919374555769
-104.099888,31.546105,2023-07-15,0.21563486313255864,1.0,0.17610180489158955,1.0,0.06032314860499286,8.778719132272267e-06,0.01646203749141983,0.0680120046274091,0.0,0.007156258786493348,0.0,0.05852998748093372,0.09132508473646511,0.19395125815603345,-0.3538009876238661,1.6742283754737495,0.18130324406445048,0.24105108641219922,0.3035430357781456,0.3397805983643123,0.36826763321073486,0.36455736113907694,0.3817172700059987,0.5050072695912614,0.44915987836657123
-101.162218,31.737849,2023-07-15,0.7699036099994608,1.0,0.6287546148328931,1.0,0.030168649837240588,0.0017498421167355777,0.0924715333265412,0.11984394090339387,0.0044046403171216835,0.07311549070055033,0.045044315527824584,0.10224678726657671,0.17471899743241048,0.20614279703097732,-0.45664130527432745,1.6033663034288954,0.12245416721213934,0.1545524414899563,0.1963388854223917,0.23034095010257205,0.2740039763455093,0.27947210455931887,0.30155475478523286,0.4143256973534305,0.3374582082833504
-101.241103,32.169014,2023-07-15,0.5762613357097018,1.0,0.4706134241629231,1.0,0.0333260347534916,0.0027976668514514713,0.05322942437893132,0.03852592417277294,0.011787914154034733,0.048898085264346094,0.06382204419557629,0.10062505574043727,0.2170909046162427,0.15842221467444417,-0.4332440318349025,1.8286031640350018,0.10173235021943637,0.13922440655062293,0.18602809749597826,0.22904297304990087,0.29143179347897713,0.2891946291088089,0.30974442298929866,0.35207842701765635,0.2877006243156757
-104.263835,31.986938,2023-07-15,0.3359419577139543,1.0,0.2743525987997294,1.0,0.04539810189863865,5.464809525685024e-05,0.03542098815259611,0.07803368186874636,0.0,0.021799202459802214,0.0,0.0689487160676093,0.13338957560031087,0.19341212285510165,-0.4017926663255865,1.5577221857544787,0.1624846192131614,0.20359039310960433,0.25310589619220997,0.2895061290603256,0.33162938473310627,0.33102254045229335,0.3558412221009372,0.47707793590962005,0.41553352194341625
-102.152612,31.748061,2023-07-15,0.123874998475912,1.0,0.10116458208866147,1.0,0.044890948904028165,1.2818102255648005e-08,0.01320294859633753,0.06210403437512277,0.0,0.006152938703899538,0.0,0.05024455842634094,0.090377072974972,0.2015297509186324,-0.37815458424592846,1.6886200632678123,0.17902277841983635,0.231196291962077,0.30230145542168363,0.33786613633219315,0.36288927755504236,0.36237276603924023,0.38257706913122785,0.5123849457695554,0.463359116236916
-103.459501,31.88325,2023-07-15,0.15607970057856324,1.0,0.12746508880582663,1.0,0.04177698832172629,2.872577315804234e-06,0.0162361483545624,0.05817747619600176,0.0,0.008189979556222433,0.0,0.05321872520943395,0.10974574643193472,0.19679116569573107,-0.38798065874454146,1.6998996558680768,0.16389679875408056,0.21301020810869828,0.278608111799941,0.3164476313240834,0.35087971163238846,0.34729872477691953,0.36770542589056315,0.48307958432087533,0.4342599440374233
-103.948611,31.615195,2023-07-15,0.297234119823667,1.0,0.24274119785599468,1.0,0.07840393597777467,1.1309112087784881e-05,0.013934087185116463,0.06348782705397296,0.0,0.0038079797804223612,0.0,0.06808366235926841,0.08251309204819084,0.17639800442288778,-0.322114142661701,1.6305382580260073,0.19540706487543785,0.2550578125440112,0.3186186951679714,0.35690985909513984,0.38465564631542215,0.37592788071560906,0.3956884733706803,0.4974518018193538,0.4340329111300842
-102.87077,32.289961,2023-07-15,0.7415753156275886,1.0,0.614065155959489,1.0,0.0,0.006018086837390752,0.11991951025506666,0.13828338125970102,0.0,0.07565799560782133,0.0,0.08943835437517257,0.19205222957590465,0.2534862277829039,-0.5336971007796953,1.7802230981624294,0.0862736373868524,0.11303241585903823,0.15358632203856437,0.18380535114715826,0.22703781558584332,0.22660241703783962,0.24386067041405288,0.37177012792971953,0.3107285677269824
-101.541063,31.392406,2023-07-15,0.36734281990537376,1.0,0.29999663625605527,1.0,0.03182879422489671,0.00020757404340021328,0.04207086683934968,0.04387130222298377,0.0,0.035533565345411834,0.0,0.07872634782391376,0.21304853362507065,0.1580934086424649,-0.41875841679268005,1.5741210554117229,0.1335697328992189,0.17177805019877948,0.21025492892238037,0.2511170822924685,0.3233837067511996,0.3240980468485754,0.3484757140702203,0.4192947675817367,0.35809380446448985
-102.723154,31.282247,2023-07-15,0.23593151274608698,1.0,0.192677402075971,1.0,0.0319339798336989,0.00012151304562121342,0.022378370934066843,0.031496656401953295,0.0,0.015425965891413412,0.0,0.06496328286824861,0.19143897745959196,0.15751902102999832,-0.40351067108087935,1.774199365211166,0.12430400394407609,0.1686133850441822,0.22054008489078608,0.2630724319267299,0.322665187068652,0.3249724459949444,0.3412647925897547,0.39673917658410757,0.34833660765434293
-101.425222,32.181674,2023-07-15,0.5867264376850493,1.0,0.4791599241094569,1.0,0.03997466102116897,0.0008268090817761167,0.061690524752027104,0.06680892429153268,0.0030059679935163933,0.05754896486863527,0.03953737609744223,0.09976026237267802,0.20578040226231742,0.1636333840108486,-0.42291769294344694,1.5928688900271128,0.11175765245025171,0.14336113593629066,0.1780152878104683,0.2134925860007119,0.2645246260528889,0.2702619602391669,0.2877677707338076,0.3534870057699201,0.28935674457124877
-103.359899,31.880634,2023-07-15,0.21551319168305957,1.0,0.17600243987449868,1.0,0.028930174586747036,4.4536215954245644e-05,0.025858459960848554,0.058174726394566854,0.0,0.01453884834889888,0.0,0.05763187168428633,0.142498544072378,0.20371555512465034,-0.4281595107720271,1.766216559007602,0.13780054190635746,0.18223195186021687,0.24338559895522954,0.2824056151973765,0.3273132586521148,0.3242766417856717,0.3476036349061327,0.4551204402596329,0.4055201142555224
-102.381744,31.248691,2023-07-15,0.3307412246874124,1.0,0.27010533349472016,1.0,0.0367225214894771,0.0003826782896941099,0.02801298873875213,0.05500530933503252,0.0,0.015604450058895783,0.0,0.06909549308707968,0.14942772165448345,0.18945730626706772,-0.4175481889111586,1.8823757141473942,0.1441402040424015,0.19651167909955908,0.27132601952166663,0.3126971238787034,0.36019753723667447,0.3666586090143918,0.38517723720223895,0.4782623549349412,0.41644229591702137
-101.898091,31.751193,2023-07-15,0.24189154550595912,1.0,0.19754476216319994,1.0,0.03170669047724827,6.854657569803723e-05,0.02760214618821949,0.059161869771651096,0.0,0.01601932689541057,0.0,0.06039985871820685,0.14875470134037533,0.19762518035649532,-0.4219886141131502,1.744137438016524,0.13770699168742404,0.18256980601040446,0.24017991967866653,0.28044712679456923,0.3220717677409083,0.32412256764632685,0.34656473395670945,0.4491471825063024,0.3979807736388895
-101.847327,31.73946,2023-07-15,0.3194398692470357,1.0,0.26087589321841254,1.0,0.035645153181211,0.00016601718129646416,0.033446475177742366,0.05858896910665229,0.0,0.021552386317909702,0.0,0.06892306379744202,0.16477788697543902,0.18407447627504755,-0.41590302741340773,1.6945342749933023,0.14571140147984357,0.19151476440470006,0.24691296406490473,0.2883016446232889,0.34161508963825044,0.34433805818297936,0.3656799332388778,0.4642488275776502,0.4043802502314971
-104.298199,31.471403,2023-07-15,0.2562258571798995,1.0,0.20925111669691793,1.0,0.051055024582473,2.2656869750741186e-05,0.022978316754041037,0.07440579426433078,0.0,0.011999684957981092,0.0,0.06197452736978777,0.1071831340631089,0.19433550861574542,-0.38129999759331307,1.6224722761434403,0.16977375491853824,0.21616376946235588,0.2754532105720993,0.30772070584612443,0.3376686820979548,0.3415898160133097,0.3602770859602016,0.4826038679111641,0.4262764403697476
-104.238648,32.257828,2023-07-15,0.0,1.0,0.0,1.0,0.04035714989892017,0.0,0.006345270603082681,0.04898056497178677,0.0,0.0034567629318875857,0.0,0.04095634057747585,0.08271313106214934,0.19419491309241485,-0.3617082333132175,1.619111421091526,0.21915857839053549,0.27686727620744445,0.3548421573022985,0.3938040528923964,0.42188101330976124,0.41883545505288344,0.44506417074808236,0.5906584875810976,0.5441796695186071
-101.532026,32.131165,2023-07-15,0.7428836543853998,1.0,0.6066883177480765,1.0,0.013908008993642564,0.006771325612977653,0.08575106344488874,0.08501572709029898,0.016130562358761813,0.07094951107343409,0.0755855159919634,0.10321009833711435,0.20788794867135857,0.19587683875642417,-0.478287337960914,1.8452736256043825,0.11102124333331254,0.1499315124889338,0.204864572204768,0.24840732264647447,0.3059009127823596,0.3123970244623712,0.33241652667538846,0.4248351105902705,0.3453447694355397
-103.331331,31.125303,2023-07-15,0.0,1.0,0.0,0.7904945135586953,0.029557385721735815,0.0,0.002945965089342449,0.03408181247810151,0.0,0.0018490522997116842,0.0,0.036112459906257464,0.10194120601182254,0.19087571262761113,-0.3806304618049241,1.826999569516744,0.13228070689729243,0.17472168297217378,0.24167679455672386,0.27110934141001153,0.29638543689406993,0.2965436341603417,0.30775856485092756,0.38947036134868734,0.36232131459337164
-101.53427,32.281034,2023-07-15,0.0,0.0,0.0,0.0,0.0036744193129846616,0.0,0.0,0.01361456317601262,0.0,0.0004901687436364393,0.0,0.012662695707731594,0.12094586034638666,0.23237281012293703,-0.46448583405562566,2.2511586054625403,0.13822024251999235,0.20029267869267753,0.3111556883980001,0.35387228989907815,0.3938612880265289,0.3967772462460694,0.4180383925818169,0.5477460901397518,0.5340476649998942
-104.030192,31.681788,2023-07-15,0.17040844441980402,1.0,0.1391668962761733,1.0,0.05680205710592502,2.520068051266325e-06,0.011341066637656045,0.05414095540970141,0.0,0.004270791940571039,0.0,0.056072991862222754,0.09467218914346437,0.17670268016531557,-0.3416925530134894,1.6312507373850502,0.19138823540902153,0.24575965290318857,0.31220220013778993,0.34934039874633727,0.3790098391266397,0.3774975890300999,0.39478157317444146,0.5008813095473682,0.4476919678813838
-104.081981,32.038783,2023-07-15,0.1487370250026895,1.0,0.12146857041886312,1.0,0.051535243712339314,7.673891584544617e-07,0.01384476893776332,0.06631159309523818,0.0,0.006138150958451689,0.0,0.052383379112895936,0.08194271821011351,0.20018368121589172,-0.3661703378174007,1.6509663272550914,0.20298848571269504,0.2607965455656521,0.3351271547321607,0.37200657936773573,0.39818885981912844,0.39495180957555975,0.4176689930063707,0.5621265870236193,0.5061658208201126
-101.887622,31.216909,2023-07-15,0.34695182962941623,1.0,0.2833439941973566,1.0,0.061011691967769725,6.240633066505375e-05,0.027680154089290324,0.07746226389354584,0.0,0.014782696682515868,0.0,0.07015359591897985,0.11076242962612215,0.1917691843241772,-0.37250107698388646,1.6435081606622939,0.1931597351153873,0.2524089660823854,0.3174596009735061,0.36011307462058867,0.3944034441633468,0.3965444212362864,0.42097833984553384,0.5520831432240836,0.4796998556453258
-102.802861,31.764745,2023-07-15,0.6075528309584145,1.0,0.4961681452827052,1.0,0.013987221547214532,0.0029103560906431486,0.07296512710198395,0.10817755090110684,0.0,0.04313217177228859,0.0,0.08270186790063028,0.14974736780433603,0.2371296857443587,-0.47902885065571993,1.8884098676235725,0.12240567325011509,0.1670470734447919,0.2311520812186241,0.26949801182854366,0.31147258647865683,0.3125735656440141,0.33896447759753223,0.4742439986425802,0.40179401829026956
-103.465072,32.184163,2023-07-15,0.0,1.0,0.0,1.0,0.04167451476168067,0.0,0.00804013157879745,0.0355022701378936,0.0,0.003272112098576802,0.0,0.04827266122926453,0.11101652147728108,0.17584145533329515,-0.36193157858874264,1.7274666515585158,0.19117280271780143,0.24893856489199995,0.33024464137997717,0.3763610385160491,0.41935851351399844,0.4127267396602328,0.43819715258450664,0.5313494309984921,0.48241244728115573
-102.967115,31.325338,2023-07-15,0.0,1.0,0.0,1.0,0.03966820720967359,0.0,0.011650490556153498,0.056249904311879324,0.0,0.005658694938886831,0.0,0.04783220512632027,0.10046109986639858,0.20002799932876203,-0.38477374716967006,1.7373180984983858,0.14304719716244618,0.1875450622467279,0.2485184845697847,0.27953426671251574,0.30392029272911913,0.30402790232437676,0.3177996592703457,0.42213328416301144,0.3835935909946797
-102.601217,31.99891,2023-07-15,0.0,1.0,0.0,1.0,0.01863102822599745,0.0,0.015310828606968026,0.0642610521104084,0.0,0.009511100837127823,0.0,0.04298101330707994,0.11912122151587436,0.22702445397716556,-0.44581096774052636,1.6918601672704223,0.14251411920509,0.1806815979509787,0.24111396155672046,0.27315302297643046,0.3048353350850447,0.306325635005352,0.3289135007539689,0.4713760482074997,0.432525446054342
-103.666374,31.455231,2023-07-15,0.0,1.0,0.0,1.0,0.03638280083619098,0.0,0.0038254160574235064,0.03128718227544537,0.0,0.0011890465533647865,0.0,0.03994082728924165,0.09784573669115583,0.18894312029380705,-0.366399774064758,1.8957025921713557,0.15249737867338875,0.20874210814861327,0.28908967605047986,0.3272582534302726,0.35755203953771814,0.35179778146744284,0.36893234720764523,0.45016582655262233,0.4155869446431112
-101.16528,31.894841,2023-07-15,0.7328793049673942,1.0,0.5985180990567053,1.0,0.03361946912248761,0.0016032188296848967,0.08647438007769642,0.08870724549164272,0.0054024110112966955,0.08533442023228341,0.08217107153085705,0.1101265979775924,0.2152580219582853,0.17418006056265353,-0.4441641264988331,1.5688355259979394,0.11876904007044715,0.15118737495527096,0.1863290894511903,0.22668900781627693,0.28036457257939884,0.28855079378422793,0.30836701222302165,0.3928126875198386,0.3148772070119334
-102.919985,31.722849,2023-07-15,0.41518935175431715,1.0,0.33907130393269236,1.0,0.04256497126655766,0.0003115995471540806,0.03974999794750925,0.06053672682385561,0.0,0.027328883592527636,0.0,0.07854823491690843,0.16511615619200684,0.17951074917319687,-0.4096060412279769,1.672965059868204,0.15453330551179123,0.20199700622549793,0.25852882070716526,0.3021466726920596,0.3612172422449478,0.36078804025396694,0.38649032612101747,0.48228169691583217,0.4120347208436151
-103.918837,31.342107,2023-07-15,0.0,1.0,0.0,1.0,0.041883213986639294,0.0,0.005026275535013335,0.040229244677915776,0.0,0.002363980361875457,0.0,0.04095427382661718,0.08889833665246955,0.18253011192508514,-0.34626263964786225,1.64123024953493,0.17974217824144179,0.2306689117926907,0.2949983000471534,0.3309912644022036,0.3578413538934885,0.3525656588710717,0.37342053645716033,0.4750240033818073,0.43764625567882837
-103.23503,31.814801,2023-07-15,0.0,1.0,0.0,1.0,0.008571701569798971,0.0,0.013377081339518914,0.03576938474944947,0.0,0.009114027138137061,0.0,0.042643370183378805,0.17401751309783858,0.20751114293584316,-0.47068139725955455,1.9653782024806623,0.12200792556984612,0.1675154723642411,0.2397917174448586,0.2832071485031512,0.3441524206109546,0.3408300784099056,0.364482847236103,0.46543213800487093,0.42736045304764075
-103.575139,31.336283,2023-07-15,0.0,1.0,0.0,1.0,0.045647455410171185,0.0007723268767507302,0.0469080928577473,0.0,0.12523618741859344,0.12219285518096296,0.5584456493589846,0.17467288649886045,0.2817239145367453,0.0814860299627225,-0.3883762732151366,1.7140721472584362,0.12592277223041115,0.17000937205284514,0.21584071658571582,0.27381748662582744,0.37514833672412146,0.3851558109445265,0.4063138898668497,0.38591860983411447,0.2711470537556084
-104.076372,31.870434,2023-07-15,0.12774362190628666,1.0,0.1043239578901341,1.0,0.04966878597735188,2.6708243909829525e-07,0.011436489011882559,0.05073606849566981,0.0,0.005450426605014357,0.0,0.05201901556402816,0.10476747337322312,0.17714099409912284,-0.3494757424249699,1.6014907088173922,0.20463922262490464,0.2620379091226842,0.32772781369339865,0.36825723111587516,0.40598945154033494,0.40443462220082044,0.4254507019295495,0.5435828070039894,0.48982590322270475
-103.578833,32.227046,2023-07-15,0.0,1.0,0.0,1.0,0.031209514458960717,0.0,0.006146391316197158,0.029516858510694088,0.0,0.0027547244974107845,0.0,0.043734971426164476,0.12236422246835119,0.17667442812669626,-0.38494376452954865,1.8212146292135227,0.1808147705984317,0.2358084746406351,0.329302505391751,0.3767704450449438,0.4255599850516772,0.42112839959690956,0.44286023391441437,0.5309782386434508,0.48647974289360474
-101.592148,31.142115,2023-07-15,0.45526973057163284,1.0,0.3718036133001668,1.0,0.03304193068023885,0.00027361629990918783,0.05409927095969684,0.06349801827763715,0.0,0.045156684423365664,0.0,0.08465898576236772,0.20346959345384683,0.16990598226380899,-0.42790231272555496,1.5315667043105718,0.14684052581890333,0.18468188476867942,0.2248960601876892,0.2683793535566143,0.3368168190697817,0.33979314273392736,0.3654218482824908,0.4609487090151558,0.3889934664809916
-103.550285,31.919671,2023-07-15,0.0,1.0,0.0,1.0,0.004515623199727493,0.0,0.022196014309887022,0.05698196365920501,0.0,0.011720777322792097,0.0,0.048983147936804416,0.145167122724505,0.23458741538443814,-0.48850722021930215,2.1117994080642126,0.11671889048614005,0.16301204536716732,0.24648688383854223,0.28867176206427003,0.3313179000488181,0.33020334507296134,0.3510787975151336,0.47438520366949993,0.4300815737092327
-103.625154,31.222005,2023-07-15,0.0003664916329604778,1.0,0.0,1.0,0.024364847314499824,0.00010287578329991223,0.011353652953768332,0.0,0.004790435722108639,0.023062056092968457,0.05685108028189752,0.09994410839630227,0.2847216093571078,0.05307281671925111,-0.3394540838828631,1.6446919470980115,0.1576270491756312,0.2139674392227569,0.25924793842398286,0.31450506401301737,0.4642644341211056,0.46563887995444125,0.4825448659244085,0.4338828736836159,0.35503516382686984
-101.35313,31.792356,2023-07-15,0.706420177714987,1.0,0.5769098118005727,1.0,0.044848150399853376,0.0012107917450088531,0.07377138505341864,0.06190291633746504,0.007462510179331357,0.08496133791684732,0.12403748481676755,0.11778553230911042,0.22396589389374155,0.1513606615404515,-0.4189601234586178,1.5630204439524156,0.1370196441553159,0.17607963886166583,0.21416450503784384,0.2588672852627933,0.3331765986285941,0.33778161009467683,0.3609032321796802,0.43000488638563106,0.33938221687617476
-102.811086,32.070005,2023-07-15,0.0,1.0,0.0,1.0,0.0,0.0,0.032692162641442986,0.0830243356479389,0.0,0.017099423545871118,0.0,0.04728768787368939,0.14853899022600245,0.2715500024153082,-0.5311460547964837,1.9782972685446523,0.10113927627435343,0.1370523621806135,0.20008355399613634,0.23222076725983434,0.26915702529277313,0.2698934659715644,0.2910068059529746,0.4475747421988662,0.4071564789951464
-101.756384,31.297533,2023-07-15,0.4090121322147616,1.0,0.3340265746420554,1.0,0.052933919101416135,0.00015734155775096593,0.034654307269434664,0.06559464119702149,0.0,0.02318551341816754,0.0,0.07922611729863907,0.1495781959336985,0.17378393120959068,-0.3869783400474458,1.6201282641401131,0.16814503022601351,0.21640394295627613,0.27241651594385813,0.3162283756842041,0.3660981597313411,0.36824559935303447,0.3906765812607756,0.4896198636838516,0.41773375913134936
-103.994668,31.610367,2023-07-15,0.0,1.0,0.0,1.0,0.04854855642351541,0.0,0.004377389322834488,0.03790936270212345,0.0,0.001063761061604334,0.0,0.043191503142794595,0.08435628281590905,0.17380804217496523,-0.3234280864491188,1.650419086443829,0.2030069761476589,0.26435481882617917,0.3350465881153434,0.3728407376534083,0.40298943981042773,0.39678082865702985,0.41599637009312707,0.5170988996374044,0.4742797649309987
-102.965727,31.657132,2023-07-15,0.2687886036512239,1.0,0.2195106929818329,1.0,0.025673519541869468,8.749940675586166e-05,0.034499653893512325,0.0776481423481031,0.0,0.019522376900134964,0.0,0.060892984293800155,0.14109583926733893,0.214416954411969,-0.4427659696100942,1.7117533338864481,0.1340797912906724,0.1734638642088829,0.22951152974860764,0.2637351487326199,0.30207916705853627,0.30491719988481286,0.3245556578165165,0.44912504726699165,0.3975674163766598
-102.003411,31.925374,2023-07-15,0.4081024614844391,1.0,0.3332836768789586,1.0,0.03298565163797006,0.0005779815214834243,0.039550708302335924,0.08171015435348145,0.0,0.021904437134125362,0.0,0.07208958133533125,0.1320665188985661,0.21196000098382423,-0.4378197851005465,1.8262748782627425,0.13263765409658468,0.17503638643017877,0.24223281558829593,0.27769257525142244,0.31378521097121825,0.3159500886612213,0.33549037946897514,0.4476692221671789,0.3874647628298372
-101.19988,31.177943,2023-07-15,0.5551797881498175,1.0,0.45339682698901757,1.0,0.03367174103184669,0.0003944770670215417,0.06863778392272879,0.08208582658040742,1.233935878442487e-05,0.058155093352486684,0.0027176978685613485,0.09166582424309497,0.20050985836713908,0.17909317435113345,-0.4358633921996561,1.50489636735829,0.13018920594424827,0.16251252444476333,0.19592126309475952,0.23317657594134222,0.2907374850519761,0.29419425651531167,0.3160769101214135,0.41363347351989577,0.34416889481326696
-103.031743,31.491093,2023-07-15,0.610655386508159,1.0,0.4987018989816632,1.0,0.0,0.011244297278906766,0.0723526272470655,0.053734296498593376,0.007967625883966446,0.06045863155174336,0.03195615769100342,0.09527025177111183,0.2391016159810288,0.18414227272356154,-0.5008604138427334,2.0257441458358283,0.09579582072342396,0.13424197404924712,0.1940578230260146,0.2374923234133345,0.3111527399710153,0.316017706379174,0.33297880567897786,0.40365154420578764,0.33342963471432097
-101.585732,31.373253,2023-07-15,0.25062665362022357,1.0,0.20467843378984926,1.0,0.04062035005062478,2.8234773019407377e-05,0.026236879586956998,0.06318747421626995,0.0,0.016177196703210762,0.0,0.06291177959964388,0.14365543491730118,0.18231280881103268,-0.39660822954472813,1.5908902651792936,0.16599490217549684,0.20992228074032943,0.26407967394038706,0.3019450852614259,0.34708611457790495,0.35268064593128606,0.3726271132591162,0.48588528913069695,0.42836798843427726
-103.700842,31.633198,2023-07-15,0.3325145803428585,1.0,0.2715535739466678,1.0,0.047197753097277806,6.741845231172719e-05,0.0327335860119281,0.07879150701425414,0.0,0.019384539333403013,0.0,0.06860846458004995,0.12806132941189904,0.19371573251944513,-0.3981800685523974,1.600445144149755,0.13825457001576072,0.1752875931620128,0.22126885523823656,0.25289040371216925,0.2880526663127525,0.2862642149236734,0.30327156279873263,0.40723745794548516,0.35494527117134717
-102.971073,31.412109,2023-07-15,0.18342330299980023,1.0,0.14979569744983684,1.0,0.02337201965784058,1.034883738512746e-05,0.027652551917909843,0.07528982525668361,0.0,0.01541094140565638,0.0,0.053910727246049006,0.1340781823054998,0.2197624175878332,-0.4430453804905675,1.7041893221661102,0.13473682114852126,0.17412437132418188,0.22961705190391488,0.2625392672480273,0.2959899747013418,0.3007242496128104,0.31982247301402716,0.45114873073771045,0.40499348145249525
-103.51311,32.250245,2023-07-15,0.2817098861613246,1.0,0.2300630736984151,1.0,0.02757486965927654,0.00025820583747456155,0.0286465284104689,0.04301639426980333,0.0,0.017830696934326647,0.0,0.06571681328782218,0.1725686120161337,0.18257179522233946,-0.4305597455058984,1.8254363889295524,0.1302383271658988,0.17437893687338168,0.23774178164194396,0.2812564746307081,0.34088838814841654,0.33690835876723174,0.3604952255109311,0.43807842102205646,0.38405071414763137
-102.904138,32.169754,2023-07-15,0.0,1.0,0.0,1.0,0.028674095927479666,0.0,0.0060814418052411905,0.04497508371885687,0.0,0.004802889326517332,0.0,0.03765655867101331,0.10846373849727814,0.20135710222722378,-0.3939567207031528,1.6471032791834261,0.1742394014156616,0.22253671541625283,0.2869902894346935,0.32225918119638675,0.35904035214161956,0.35682040414485716,0.3805123074789658,0.5118554411123958,0.47470497106860293
-102.566475,31.115765,2023-07-15,0.25101999298444994,1.0,0.20499966093730082,1.0,0.0481787463739583,3.232323786886782e-05,0.021266050993418512,0.06445353443246817,0.0,0.01129276216559611,0.0,0.06261845365617631,0.1211823877385679,0.18496695721718442,-0.3816685296124789,1.6606443133235733,0.1608395721543738,0.20683299255494877,0.26709732085555743,0.30017826534230624,0.3336631980700966,0.34075877380837355,0.3564801596937754,0.46217061622246725,0.4077006242632705
-101.15226,32.136836,2023-07-15,0.7460619488446543,1.0,0.609283924889801,1.0,0.028219934193492755,0.0036100784203779565,0.08152012704885037,0.09321208604182718,0.010832628148332732,0.06348778387745967,0.0605203267166579,0.10163787568613424,0.1810309982414138,0.20173254959977063,-0.4579857142650576,1.7704364437225042,0.12104799664155132,0.16103564161971917,0.21430778469380174,0.2566118655001901,0.3070259502874277,0.30905215746179865,0.33441913161959835,0.43317615632713175,0.3532458901322571
-101.247662,32.254277,2023-07-15,0.9972728198961865,1.0,0.8144394695818857,1.0,0.0318610844856967,0.005735274037343327,0.1100984881477404,0.10361285027329857,0.0316321004883166,0.11615343398213886,0.1785299487982609,0.13028626572430999,0.20467576746089935,0.18409459657673166,-0.4582442133628463,1.6624977043521287,0.11590949573223921,0.14827535720394305,0.19269927056746056,0.23186380309630447,0.2873128409294148,0.2918811374813709,0.3139555177369846,0.3991128234533756,0.30710264700996964
-101.626608,31.266204,2023-07-15,0.42567754595740076,1.0,0.3476366625318773,1.0,0.0409184058318621,0.0001545472321526155,0.04610931174421793,0.06258204759516466,0.0,0.039357538673055956,0.0,0.08431072830929048,0.19668289834226838,0.16011079114827306,-0.4056659984860313,1.5128427495846397,0.14686711889930676,0.18513145748852472,0.22218685597920143,0.2613916458267339,0.326158618161346,0.3309866181587071,0.3485665408670692,0.4378564820099142,0.36976530126367035
-102.77023,31.327871,2023-07-15,0.17959982790159942,1.0,0.14667319278630622,1.0,0.029810582407400928,3.86673037502466e-05,0.018590506338856932,0.03915735179902228,0.0,0.010730101450580745,0.0,0.05656599036629305,0.16235219259749284,0.18069130784460738,-0.41295248912338167,1.8604539515238285,0.12928084893405775,0.17730574664460744,0.2405210662557229,0.2807077208240079,0.3313352096638513,0.33375624726477326,0.3503207687226638,0.4267535274671002,0.38105882189529444
-103.036723,31.126226,2023-07-15,0.3705525732909783,1.0,0.3026179348542989,1.0,0.0757450314602105,0.00014913206160345802,0.007067976516636324,0.04020494739331515,0.0,0.0,0.0,0.07531006485182687,0.08997033804228745,0.17490413136969296,-0.34202603405761417,1.9434509516488807,0.15567307150979487,0.21333380111593522,0.3025429789718151,0.3384156713107143,0.362756924465658,0.3623649720964298,0.37963912749364725,0.43512286178678933,0.37417461623272014
-103.106235,32.330901,2023-07-15,0.0,1.0,0.0,1.0,0.019286551960909604,0.0,0.022667568996473528,0.05848145648960615,0.0,0.013307770607242756,0.0,0.04985490574678922,0.14670323216505388,0.21478340129980994,-0.4472301469679161,1.7313993123885332,0.13628974612686304,0.1777862976643985,0.23597197272965842,0.2731023696524069,0.31738874230541075,0.31711103806946994,0.342022739795536,0.46546983032158057,0.4212619033182784
-103.46461,32.069292,2023-07-15,0.18639494064795345,1.0,0.15316385285367734,1.0,0.0,7.064112500877566e-05,0.03552940727374615,0.0686789708461168,0.0,0.01855657070418408,0.0,0.05242632937653023,0.1685442102672471,0.25154595702934573,-0.5434154211279572,2.158785538123655,0.09779371816921473,0.1326954350211061,0.21111566450304126,0.2515821940749001,0.2975368803304254,0.296706079262549,0.3171916917435732,0.4485569381927242,0.4038674561275027
-102.866724,31.59991,2023-07-15,0.40938355934713666,1.0,0.3343299068001616,1.0,0.03819502249406619,0.00023985205611210713,0.04412648478332357,0.0825967495938388,0.0,0.02738441681806378,0.0,0.07381475467038043,0.1436078231094624,0.20177757872154084,-0.42513859039077184,1.6452979487870942,0.13937805956061217,0.17811705314318196,0.22931843550100064,0.262680932459261,0.3055472186201787,0.30622694122962235,0.32836219206615125,0.4415698841457903,0.3808622573856141
-101.284449,32.344049,2023-07-15,0.0,1.0,0.0,1.0,0.008667500528431404,0.0,0.014023659881313558,0.03254946155394151,0.0,0.008863789090529013,0.0,0.04431178262560917,0.17804209260235943,0.20691412598463996,-0.47124754415976794,2.1478932411451543,0.1194046768156906,0.17416562974028757,0.25646849829354335,0.30094230075792067,0.3677088991021248,0.3675744021647911,0.3893319869689523,0.484613834323,0.4434879881127934
-102.54933,31.983931,2023-07-15,0.0,1.0,0.0,1.0,0.003413339573395108,0.0,0.007444189889298408,0.05417461002733313,0.0,0.007766562143518524,0.0,0.03493588905256054,0.1382873244249027,0.24700816421713637,-0.4885244392738131,1.8276882181290344,0.11965552988056125,0.15733275760715124,0.2186930021966884,0.2504802152780027,0.2872345991343126,0.28888454283764725,0.31199744081459263,0.4578784848763492,0.4269656677320164
-103.81239,31.43572,2023-07-15,0.0,1.0,0.0,0.3367058314859653,0.03723483518390254,0.0,0.0014328024326949222,0.031337007522029274,0.0,0.0006137581591989992,0.0,0.03441870901102414,0.0843787189510786,0.17291960445979512,-0.329181558036825,1.6486566761666526,0.18952916567661704,0.24280861507190812,0.31246852432105027,0.34847003303275514,0.3720584146640259,0.3700593521894022,0.38553307358188105,0.48110891576197806,0.4490925811192055
-101.248566,31.802934,2023-07-15,0.5816716698746293,1.0,0.4750318637309472,1.0,0.056030776030148555,0.0003115630626796816,0.05514376838700402,0.09573820996667143,0.000272334445250962,0.04129091125421731,0.005939052908315236,0.0925734158151245,0.14829869603026144,0.18439980893261393,-0.40365424630346464,1.548604416339865,0.1560806185715387,0.19466163622803334,0.24170713522494278,0.2797802398331458,0.3235528229770346,0.3258794919138382,0.34821064125435486,0.45818659827819075,0.3805425738687563
-102.592085,32.022368,2023-07-15,0.14856089095153263,1.0,0.12132472761041832,1.0,0.032790082366225326,6.401122697514297e-07,0.021081555124759965,0.07379340789276595,0.0,0.011424082454063265,0.0,0.05153252266171608,0.10593706476720424,0.21469845946296806,-0.4171287109634526,1.6247821682092682,0.15828029207762032,0.19730840472334296,0.2571709961466722,0.28910307451883605,0.3182874773317531,0.31811511853765956,0.34097992114925757,0.47971380733133684,0.4326950758804732
-104.119929,31.809431,2023-07-15,0.49575267127836126,1.0,0.40486468154399496,1.0,0.06735955662840334,0.00013037734740503087,0.040433146449667216,0.09929365004543386,0.0,0.024526470239243908,0.0,0.08272722955169212,0.10986167180021122,0.19337889697037003,-0.3817437323757446,1.5713304186932675,0.17771490174220797,0.22318638627666473,0.27924883096261655,0.313203016412217,0.3457987446288373,0.348179113921788,0.37157252182374156,0.4988002654213203,0.42257725572562765
-102.716021,32.158536,2023-07-15,0.49974482936975617,1.0,0.40812494398530086,1.0,0.0,0.0013665652856561271,0.07690083431419235,0.08441554499939162,0.0,0.051277888870061496,0.0,0.0780965541685937,0.20890696761369412,0.21863080982695077,-0.5007636698386618,1.703044743213493,0.11568316046305005,0.1506767335166609,0.19701359830492038,0.2345947109611185,0.2983164899746946,0.3010658695691308,0.3269344827876937,0.4529521468894053,0.3873290786427788
-103.804087,32.299013,2023-07-15,0.0,1.0,0.0,1.0,0.02131486395832817,0.0,0.009222841007102951,0.03175270937930399,0.0,0.005498864429817993,0.0,0.04335215077308005,0.1438834897652175,0.191911476206126,-0.42518682145595516,1.9183648561307747,0.13802115653391023,0.1857758973530969,0.26477493609717784,0.30884375778396067,0.35940265092381035,0.3537739014309423,0.3757566263011599,0.4606111525181402,0.4223335985457201
-104.047649,31.291572,2023-07-15,0.34530047478237647,1.0,0.28199538773894073,1.0,0.06176451429055574,4.384876101224983e-05,0.025681921539215936,0.07753640608145103,0.0,0.013469186539429598,0.0,0.07084685723795718,0.10255919876443491,0.18656707452057864,-0.369827982036038,1.5870484148887285,0.18102822574985675,0.22617489629283405,0.28730055872642907,0.32325477284007625,0.3538861676038305,0.35296575929896873,0.3757333610596998,0.4916446508955289,0.4265905712045413
-102.425639,31.927776,2023-07-15,0.17614646948788704,1.0,0.14385295008177446,1.0,0.06128659035622697,1.4925908787637792e-06,0.008933919100114093,0.04394200579394826,0.0,0.002242468135408692,0.0,0.058266292992402775,0.09325882190727654,0.16072086945533048,-0.31956014537112554,1.5678839701874419,0.17914533842957772,0.22443392189074807,0.2808791044575392,0.3144844218279553,0.3441660586004219,0.3386562408950383,0.35896679538632265,0.4352391421250534,0.3873121287735992
-103.559108,31.205853,2023-07-15,0.0,0.2519093439409506,0.0,0.0,0.018778285660871197,0.0,0.0,0.04439761910274607,0.0,0.002825285933245355,0.0,0.02454230248098495,0.09116174158995555,0.21080405502865893,-0.40015758341498825,1.427061962219487,0.18608185736047808,0.21809827863126022,0.2655503404982905,0.2922852725264395,0.31624368578514117,0.31882281510115396,0.33902283948600387,0.5090869706978044,0.4846972185250761
-101.495595,31.37008,2023-07-15,0.17027117588606536,1.0,0.13905479364028672,1.0,0.04772942767573795,4.145680938041623e-06,0.014469793968327939,0.046952860069538235,0.0,0.007433431020450347,0.0,0.05629792030985527,0.12040488461278959,0.17412362298264447,-0.36161361022432637,1.6249946523969683,0.1856669113892598,0.23845831301844164,0.30170773813460894,0.34428291922745363,0.3870349421827057,0.3843072995950921,0.4087862275173463,0.5086074666960505,0.4543925675118275
-102.427265,31.855196,2023-07-15,0.1494313573119544,1.0,0.12203560847142941,1.0,0.029808651993781264,8.118644724379166e-06,0.015591807216645897,0.043143136909609095,0.0,0.007693343466473693,0.0,0.05252730263247474,0.13227904098369545,0.1988075721432388,-0.4177597850768445,1.9369513916490078,0.13827400970308348,0.189731829732863,0.26783003552327594,0.3077814376388232,0.3525512195342344,0.3494883148987366,0.3704156144583571,0.4619985896711075,0.4158856961153104
-102.979442,31.808774,2023-07-15,0.5864812393281165,1.0,0.47895967878462836,1.0,0.0060132288790768,0.002901581315092295,0.08024297501024372,0.08934419452115082,0.0,0.0559782798652085,0.0,0.08564190680172282,0.2038438274875064,0.2141603628568453,-0.48970505443800993,1.7944163330185088,0.10817558135431775,0.14610108052158854,0.19411203001596022,0.2327456969076143,0.28938090560768326,0.29351096837990825,0.31410993820418304,0.4265131763595444,0.3592213714455285
-102.653234,32.265118,2023-07-15,0.13800862225956545,1.0,0.11270704151197844,1.0,0.006365122112053403,6.267786189269646e-07,0.02292330020598907,0.046911945303560916,0.0,0.012727258264886493,0.0,0.05036807415599365,0.16212634443854756,0.22184869337536595,-0.48300363723305617,2.067549755426951,0.11639744122055738,0.16253283394269394,0.2406575011278863,0.28352998114064903,0.3369048991066857,0.33379068573299225,0.359562705071314,0.4662252991815884,0.42151169635917235
-103.656584,31.981049,2023-07-15,0.0,1.0,0.0,1.0,0.027993676397966592,0.0,0.009619009378711504,0.04086280870821597,0.0,0.00411110415273226,0.0,0.046728906644618214,0.11433334983786264,0.20203122557954784,-0.4162999847716379,1.9997915589812805,0.1600371217646168,0.21744078656774968,0.32004088522854,0.3679862259818941,0.40534025226611453,0.40267095035869976,0.42254086467573876,0.5276021495119415,0.48049487764137694
-103.548139,31.564522,2023-07-15,0.0,1.0,0.0,0.495843656540511,0.026514288172269068,0.0,0.0021152350297979298,0.0362928466599227,0.0,0.001988863389664533,0.0,0.033627443564227824,0.09234078580037583,0.21015270671232442,-0.39666003276206857,1.9239334458910555,0.15078095551768675,0.2055482681518033,0.290092523323889,0.32592221566482754,0.3536754547562849,0.34911769739687615,0.3658759973884595,0.4758197144560649,0.4448596220277062
-102.184176,31.439996,2023-07-15,0.2456891712375737,1.0,0.2006461565106852,1.0,0.051047205962122824,2.1145853669016165e-05,0.02117166975382673,0.07225504427686198,0.0,0.010543521364224168,0.0,0.060942466582156754,0.10153471854103609,0.19552708868185883,-0.3807979502413864,1.6417135736750592,0.17395496229744492,0.22119667341280658,0.2855842228118485,0.3193121473912028,0.3474973723398355,0.350131432996477,0.37047433739349306,0.49326050094259716,0.4365929387668035
-103.304042,32.027424,2023-07-15,0.14724943371107588,1.0,0.12025370419737863,1.0,0.0,1.1355109821563599e-05,0.026231755640508257,0.04305671951897023,0.0,0.015419836196459086,0.0,0.051296272934469284,0.19098230992968898,0.2172537121539753,-0.5041444791276373,2.1119372854811562,0.10642479404577948,0.1500918914844084,0.22476249064493461,0.270257432655854,0.3340980455072916,0.33088046600141685,0.3542738123956044,0.4552936902687219,0.41086307636351715
-104.071489,31.645771,2023-07-15,0.2523490226941286,1.0,0.20608503520020502,1.0,0.05566517801110476,2.9759674470027928e-05,0.019970016977910815,0.07176408780991056,0.0,0.009112023777548788,0.0,0.061074926666920666,0.09782957792015036,0.19956496700430373,-0.3734425348741527,1.7238387766865122,0.16517609114907972,0.21991619555524203,0.2847369509042894,0.31979402318848293,0.34775058568856987,0.3464895755603253,0.36297255583803867,0.48206632894016316,0.42657134937053615
-101.154869,32.344925,2023-07-15,0.6455598831495806,1.0,0.5272072379054908,1.0,0.025288752002454385,0.0037439076746077294,0.072516220799837,0.041387793595362626,0.01997570852297906,0.0847714566979957,0.13539305943079696,0.1128783752165542,0.2576497662257915,0.14763407326049144,-0.4488952574482785,1.716543304383713,0.08984554761184377,0.12115747075597516,0.15422377318179853,0.1955620728986087,0.2624674055407455,0.26127760653139726,0.2783410234214899,0.318531979909946,0.25391508529241824
-104.069229,31.327101,2023-07-15,0.3699843962147318,1.0,0.3021539235753643,1.0,0.04352540102700743,0.0001354215732059016,0.037244049168399164,0.07377589620348446,0.0,0.023317192301815247,0.0,0.0722321496738616,0.1428187683296518,0.19131229737926728,-0.4081378280271056,1.6222117289276936,0.14596050444083616,0.18631914972957167,0.23677884226412713,0.27105580588158856,0.3139228788604676,0.3156803892632069,0.3377109776574775,0.44328401990197064,0.3835593461299159
-103.464619,32.263237,2023-07-15,0.0,1.0,0.0,1.0,0.02488749943327022,0.0,0.00981113214065689,0.028140932684500464,0.0,0.005465471988560901,0.0,0.047436467112938654,0.15009077757482836,0.1739221291752763,-0.41126773867604594,1.841140882358869,0.13516304200300078,0.1759471891079992,0.24885420241571374,0.2916755968678926,0.34176094782060146,0.3367476379917153,0.35596824934282684,0.42176827738376493,0.383566061502277
-101.525278,32.193051,2023-07-15,0.5275227924246887,1.0,0.43081028048016246,1.0,0.029899524270371857,0.0024828482199075424,0.049568940153571474,0.0590255371013279,0.0,0.03579813534154794,0.0,0.08795713000604892,0.18858942108694732,0.18333137406893452,-0.44287111106618293,1.913414244569017,0.11904804397443047,0.16533657833395102,0.227788223128754,0.273134154406538,0.3288246874153627,0.3336740724057557,0.3514842900926853,0.4281942243869678,0.3589585274582949
-103.13599,31.255071,2023-07-15,0.11971072189413966,1.0,0.09776375621354738,1.0,0.0487972305343777,2.537873984337703e-07,0.008251294009332763,0.045134412508619916,0.0,0.002819910298479887,0.0,0.0518759043870481,0.10091302259426405,0.1680022534040952,-0.34431287893319595,1.6302703898332087,0.16138019114907612,0.20276451117592909,0.26309334713596205,0.29348764481028305,0.3212792626695779,0.322152249224699,0.33384695554969096,0.4157149576476491,0.3747109013606825
-101.673703,31.964602,2023-07-15,0.42463658958164835,1.0,0.34678654815834614,1.0,0.013808235068339506,0.0016207989482762935,0.05104972117038543,0.068516771480819,0.0,0.03262142096425013,0.0,0.07441668752171975,0.18865954780672212,0.20563502773359965,-0.47219597809083336,1.9214884189937698,0.11764439254397986,0.1631754975079489,0.2260523378328143,0.27168686353343136,0.3259009091932536,0.3311794314490753,0.3507309088613499,0.4551430098717879,0.3920944077108332
-102.373215,32.333403,2023-07-15,0.36086249333249826,1.0,0.3091639452896232,1.0,0.0,0.0019243615119028414,0.061770780351886885,0.09427408361906991,0.0,0.0316572946496098,0.0,0.06405749955549989,0.16848222478132366,0.2622661701254969,-0.5407419104245097,2.076118620031303,0.0895961304648832,0.12356138626671508,0.1860121947408979,0.2206351029619759,0.25942425818197995,0.26139181822077223,0.2837179724058393,0.4145298921293936,0.36461952846594003
-102.239975,31.06017,2023-07-15,0.26544877896828123,1.0,0.216783169490763,1.0,0.036770546156456994,8.927707345640862e-05,0.02680143368196734,0.06544400237103931,0.0,0.01500990256941322,0.0,0.06255317620581188,0.13829495885564447,0.19616511110297324,-0.4130618647696798,1.7490381145323193,0.14419012613285742,0.19028461448340275,0.25219402634559024,0.2883039198534329,0.32623828652958686,0.3331432162233363,0.34989635800411456,0.4581129015809888,0.4041741101934776
-101.726122,31.439192,2023-07-15,0.2539972984458654,1.0,0.20743112706412342,1.0,0.05021021882389985,3.445752273976031e-05,0.020218377629311016,0.05563108232399607,0.0,0.010694539294430525,0.0,0.06362162977111518,0.1257173059745987,0.17921237223892175,-0.37407630400026537,1.671302474225774,0.17451968695115747,0.2271295744717454,0.291675184602577,0.3341970537023843,0.3747099821566725,0.37555793483533956,0.3972884369845787,0.4986124797860685,0.43896243563449666
-102.210326,32.270609,2023-07-15,0.24433821159222818,1.0,0.20846053461423256,1.0,0.0,0.0002813775206289612,0.04377374899053886,0.08593840083912362,0.0,0.021825381088371645,0.0,0.056289214106148545,0.14895402459947468,0.26117261379567874,-0.5218133957672338,2.0497039534390407,0.10096412978793999,0.13898387794097405,0.20694657598187302,0.2399032316941428,0.27655733596657023,0.27938808034378165,0.3021230713102343,0.44231169458544106,0.39517048108882896
-103.876983,31.200057,2023-07-15,0.0,0.7542772963402204,0.0,0.0,0.021865911812769943,0.0,0.0,0.02600597145981534,0.0,0.0009092506990994817,0.0,0.023468004794363895,0.08842563867301974,0.19409212072763024,-0.3683467982421014,1.7158771138042876,0.16097658095611622,0.20817114537044346,0.27621603112106297,0.30844318505205903,0.32995484022058047,0.3298037141446438,0.3462208799892333,0.4509599879511343,0.43027906561701623
-103.962837,31.769191,2023-07-15,0.0,1.0,0.0,0.761715460721032,0.0378961187131439,0.0,0.003124875276167541,0.03528231245555957,0.0,0.001607012443713956,0.0,0.03734034681474782,0.09113279147977227,0.1825414205875018,-0.347069350514643,1.6957406051015733,0.1884760283443242,0.24628257453901,0.3196064543517456,0.3571349854778449,0.38824261554463896,0.38370080848176097,0.40206793920879047,0.5081086452119118,0.47152864889721585
-103.442103,31.836279,2023-07-15,0.24639141686448182,1.0,0.20345833531568167,1.0,0.0,0.00017718992813982784,0.04043431721382555,0.09230292602234838,0.0,0.02048435360635883,0.0,0.05642609445763212,0.13883929077182158,0.2527813860756518,-0.5098122850292633,1.9313208874424923,0.10059693460448119,0.1315375217126307,0.19428496101432097,0.22650634447359175,0.2573780243787953,0.2569315399996426,0.2725382245489533,0.4051447234573986,0.36186534110447577
-102.039522,31.314677,2023-07-15,0.0,1.0,0.0,1.0,0.042313700190430736,0.0,0.010104351563541912,0.05191542242063915,0.0,0.004314219345276615,0.0,0.04767891730823325,0.09460863078001797,0.2001581075928328,-0.37757077739185957,1.7957809372979545,0.1725384857419384,0.230944003533638,0.3098413236456279,0.3475791870480379,0.37552923899329615,0.37459489737239254,0.39277384307160823,0.5111291355324312,0.4646070887788461
-102.30215,31.393179,2023-07-15,0.3389077627345924,1.0,0.2767746728999171,1.0,0.05818998583726595,0.00011007181384668977,0.020819004355150317,0.058067435575182375,0.0,0.009716019453518694,0.0,0.07193603374700529,0.1195153500371009,0.1768680092521782,-0.37014140655058325,1.730742226360582,0.16170102555690996,0.21150344557509138,0.2798627929771557,0.31749442440514075,0.35445407259726347,0.35583890378484523,0.3728490066800968,0.460086805871012,0.398335322663572
-102.761125,32.226937,2023-07-15,0.43356971840285713,1.0,0.361643966147023,1.0,0.0,0.0024172246955668584,0.07171094333022156,0.09818545096267478,0.0,0.038881981195626684,0.0,0.06890464789352381,0.17961773888739727,0.2553391804746707,-0.5352158240296803,1.9645741780800228,0.10052418391671879,0.13644223649566703,0.19748721599535285,0.23341475059783126,0.281465630985163,0.2839644812354493,0.30770543944709083,0.45067859743039995,0.3925745371097974
-101.634773,31.169988,2023-07-15,0.3338619747691961,1.0,0.2726539460615101,1.0,0.05184589286374375,3.361647699619824e-05,0.030425923603571756,0.06223793784095005,0.0,0.019977469397366207,0.0,0.07214873306602505,0.13847631431281196,0.17308197603698788,-0.37952232141442904,1.5117924934861346,0.13692394579780512,0.16880059818333906,0.20700059343562416,0.2382031877895097,0.2762524001050803,0.2735447400812638,0.2967771742222544,0.3752982598710995,0.3247879283536603
-102.965736,31.409684,2023-07-15,0.3668790338999519,1.0,0.29961787768496073,1.0,0.020800426177962555,0.00030043899930376223,0.04794713561843318,0.09243310386430342,0.0,0.027700189269340498,0.0,0.06750856989627821,0.14877426008561295,0.22228165942666778,-0.45928963876472234,1.7136770750858918,0.12408135999487503,0.16057718831484682,0.21263538206869703,0.2443452257693932,0.2813732936153864,0.2869627200518593,0.3061711178952491,0.4333718085122191,0.3785594878413579
-104.288831,32.052455,2023-07-15,0.36364542647893594,1.0,0.296977098291131,1.0,0.0656026944432226,3.924931188084587e-05,0.0265208123996765,0.07355322709827383,0.0,0.014622846371800701,0.0,0.07364459910800766,0.10892569967606723,0.18014056545972518,-0.36126202749009745,1.564124598809365,0.1908677613332674,0.23977228092894712,0.2985409606210385,0.33615230312056654,0.37186748492559135,0.3715287754548639,0.3974393590392551,0.5109965515134668,0.4408948880523015
-102.293093,31.390542,2023-07-15,0.19232071881256246,1.0,0.15706192036359268,1.0,0.03967219947779343,2.4819143760240197e-05,0.01717393599975564,0.056557166144633256,0.0,0.007888589048723617,0.0,0.055888481483184746,0.11303177950669631,0.20174019253728057,-0.40082470812626175,1.8537029540004362,0.14558219619561938,0.19637849427533685,0.2698661471376907,0.3048265041863931,0.33645919146056036,0.33864753103580614,0.35629781956481504,0.4591174747297364,0.4105150343489185
-101.965123,31.767185,2023-07-15,0.17728549210374445,1.0,0.14478315188472463,1.0,0.006426788252118594,1.3292504899631775e-05,0.03269844846464692,0.07462538271676565,0.0,0.01797949079138645,0.0,0.05246890497661578,0.15517475294317276,0.23697014351063198,-0.4847042251006107,1.8365472267220306,0.1056764634175809,0.14141137096271447,0.19407981581935033,0.22358436410604624,0.26136260958287555,0.2653757141745243,0.28263957009130053,0.4074437831100112,0.36681905958948685
-102.952786,31.062571,2023-07-15,0.22769396398113276,1.0,0.1859500705845918,1.0,0.05526237263604121,1.4154167867074645e-05,0.017114543191751198,0.06556103625925769,0.0,0.007763089369092128,0.0,0.06013415871957714,0.0981439710874611,0.188480653825165,-0.364841207366979,1.6548564856708439,0.19368662109718648,0.24883935551201808,0.32052356111035035,0.3570848292442864,0.3862554551496926,0.3902851507787053,0.41061776233437336,0.5347107059787981,0.47404974491473423
-104.062982,32.198038,2023-07-15,0.0,1.0,0.0,1.0,0.039379510065195085,0.0,0.0050231625346392385,0.029199087612257337,0.0,0.0011853266053129465,0.0,0.04478055787706455,0.10644965649326756,0.1766854598278922,-0.36074814783661563,1.8437243505167018,0.16908640454789695,0.2262561432203256,0.3117487214062756,0.35490827205763087,0.3932441463675781,0.3860266723847889,0.4057599843815733,0.4816218002056326,0.44033601490582214
